StationID,Longitude,Latitude,City,Cluster
1001A,116.366,39.8673,Beijing,
1002A,116.17,40.2865,Beijing,
1003A,116.434,39.9522,Beijing,
1004A,116.434,39.8745,Beijing,
1005A,116.473,39.9716,Beijing,
1006A,116.361,39.9425,Beijing,
1007A,116.315,39.9934,Beijing,
1008A,116.72,40.1438,Beijing,
1009A,116.644,40.3937,Beijing,
1010A,116.23,40.1952,Beijing,
1011A,116.407,40.0031,Beijing,
1012A,116.225,39.9279,Beijing,
1013A,117.151,39.097,Tianjin,
1014A,117.193,39.173,Tianjin,
1015A,117.145,39.1654,Tianjin,
1016A,117.184,39.1205,Tianjin,
1017A,117.237,39.1082,Tianjin,
1018A,117.202,39.0927,Tianjin,
1019A,117.1837,39.2133,Tianjin,
1020A,117.269,39.1337,Tianjin,
1021A,117.307,39.0877,Tianjin,
1023A,117.707,39.0343,Tianjin,
1024A,117.457,38.8394,Tianjin,
1025A,117.401,39.124,Tianjin,
1026A,117.764,39.1587,Tianjin,
1027A,117.157,38.9194,Tianjin,
1028A,,,Shijiazhuang,
1029A,114.4548,38.0513,Shijiazhuang,
1030A,114.6046,38.0398,Shijiazhuang,
1031A,114.5019,38.1398,Shijiazhuang,
1032A,114.4586111,38.00583333,Shijiazhuang,
1033A,114.5330556,38.01777778,Shijiazhuang,
1034A,114.5214,38.0524,Shijiazhuang,
1035A,114.3541,37.9097,Shijiazhuang,
1036A,118.1662,39.6308,Tangshan,
1037A,118.144,39.643,Tangshan,
1038A,118.1853,39.6407,Tangshan,
1039A,118.2185,39.6679,Tangshan,
1040A,118.1838,39.65782,Tangshan,
1041A,118.1997,39.6295,Tangshan,
1042A,119.5259,39.8283,Qinhuangdao,
1043A,119.7624,40.0181,Qinhuangdao,
1044A,119.6023,39.9567,Qinhuangdao,
1045A,119.607,39.9358,Qinhuangdao,
1046A,119.5369,39.9419,Qinhuangdao,
1047A,114.5129,36.61763,Handan,
1048A,114.5426,36.6164,Handan,
1049A,114.5035,36.5776,Handan,
1050A,114.4965,36.61981,Handan,
1051A,115.493,38.8632,Baoding,
1052A,115.5223,38.8957,Baoding,
1053A,115.4713,38.9108,Baoding,
1054A,115.4612,38.8416,Baoding,
1055A,115.442,38.8756,Baoding,
1056A,115.5214,38.8707,Baoding,
1057A,114.8985,40.8367,Zhangjiakou,
1058A,114.892,40.79481,Zhangjiakou,
1059A,114.8814,40.8115,Zhangjiakou,
1060A,114.9032,40.7688,Zhangjiakou,
1061A,114.904,40.8725,Zhangjiakou,
1062A,117.9664,40.9161,Chengde,
1063A,117.9525,40.9843,Chengde,
1064A,117.963,40.9359,Chengde,
1065A,117.8184,40.9733,Chengde,
1066A,117.9384,41.0112,Chengde,
1067A,116.6838,39.5178,Langfang,
1068A,116.7729,39.5747,Langfang,
1069A,116.715,39.5571,Langfang,
1070A,116.7464,39.5343,Langfang,
1071A,116.8854,38.2991,,
1072A,116.8584,38.3254,,
1073A,116.8709,38.3228,,
1074A,115.6951,37.7575,,
1075A,115.6426,37.7379,,
1076A,115.6906,37.739,,
1077A,114.4821,37.0967,,
1078A,114.5261,37.0533,,
1079A,114.5331,37.0964,,
1080A,114.4854,37.062,,
1081A,112.522,37.8873,,
1082A,112.573,37.9103,,
1083A,112.434,38.0108,,
1084A,112.469,37.7124,,
1085A,112.5583,37.7394,,
1086A,112.5369,37.8692,,
1087A,112.57,37.8195,,
1088A,112.549,37.9854,,
1089A,112.488,37.7805,,
1090A,111.651,40.7579,,
1091A,111.658,40.8033,,
1092A,111.659,40.8452,,
1093A,111.608,40.8144,,
1094A,111.751,40.8369,,
1095A,111.7277,40.8062,,
1096A,111.551,40.7866,,
1097A,111.717,40.7612,,
1098A,123.6836,41.9339,,
1099A,123.535,41.7561,,
1100A,123.439,41.7089,,
1101A,123.284,41.7694,,
1102A,123.542,41.8336,,
1103A,123.428,41.8472,,
1104A,123.41,41.765,,
1105A,123.478,41.7775,,
1106A,123.3997,41.7972,,
1107A,123.3606,41.7806,,
1108A,123.3783,41.9228,,
1109A,121.6119444,38.97388889,,
1110A,121.565,38.95111111,,
1111A,121.5638889,38.885,,
1112A,121.6330556,38.91194444,,
1113A,121.625,38.86388889,,
1114A,121.5180556,38.85611111,,
1115A,121.2588889,38.80805556,,
1116A,121.7481,39.1311,,
1117A,121.7769,39.0511,,
1118A,121.9769,39.0631,,
1119A,125.323,43.9167,,
1120A,125.287,43.91,,
1121A,125.2786,43.84,,
1122A,125.3649,43.8748,,
1123A,125.325,43.8694,,
1124A,125.454,43.7878,,
1125A,125.633,43.55,,
1126A,125.417,43.8667,,
1127A,125.25,43.8167,,
1128A,125.217,43.85,,
1129A,126.542,45.755,,
1130A,126.561,45.8167,,
1131A,126.979,45.5422,,
1132A,126.599,45.7222,,
1133A,126.689,45.7733,,
1134A,126.635,45.7667,,
1135A,126.685,45.7319,,
1136A,126.646,45.7258,,
1137A,126.593,45.7478,,
1138A,126.615,45.61,,
1139A,126.6106,45.9819,,
1140A,126.6206,45.6842,,
1142A,121.478,31.2036,,
1143A,121.467,31.3008,,
1144A,121.412,31.1654,,
1145A,121.536,31.2659,,
1146A,120.978,31.0935,,
1147A,121.425,31.2261,,
1148A,121.703,31.1907,,
1149A,121.533,31.2284,,
1150A,121.577,31.2071,,
1151A,118.803,32.1083,,
1152A,118.749,32.0572,,
1153A,118.778,32.0723,,
1154A,118.777,32.0144,,
1155A,118.803,32.0314,,
1156A,118.795,32.0775,,
1157A,118.626,32.0878,,
1158A,118.737,32.0092,,
1159A,118.907,32.105,,
1160A,120.561,31.2472,,
1161A,120.628,31.2864,,
1162A,120.591,31.3019,,
1163A,120.596,31.3264,,
1164A,120.613,31.2703,,
1165A,120.543,31.2994,,
1166A,120.669,31.3097,,
1167A,120.641,31.3708,,
1168A,120.913,31.96,,
1169A,120.86,32.0005,,
1170A,120.87,32.02,,
1171A,120.94,31.93,,
1172A,120.81,32.0417,,
1173A,119.176,34.5885,,
1174A,119.141,34.5896,,
1175A,119.368,34.7507,,
1176A,119.348,34.6984,,
1177A,117.167,34.2761,,
1178A,117.192,34.2417,,
1179A,117.192,34.3083,,
1180A,117.256,34.2153,,
1181A,117.244,34.2911,,
1182A,117.2933,34.2778,,
1183A,117.166,34.1806,,
1184A,119.46,32.3878,,
1185A,119.404,32.41,,
1186A,119.389,32.3761,,
1187A,119.439,32.4033,,
1188A,120.269,31.4867,,
1189A,120.275,31.6219,,
1190A,120.294,31.56,,
1191A,120.242,31.5031,,
1192A,120.354,31.5848,,
1193A,120.354,31.5475,,
1194A,120.245,31.5631,,
1195A,120.288,31.6842,,
1196A,119.996,31.7586,,
1197A,119.933,31.7786,,
1198A,119.962,31.8089,,
1199A,120.0393,31.7638,,
1200A,119.935,31.7039,,
1201A,119.905,31.9108,,
1202A,,,,
1203A,119.68,32.1883,,
1204A,119.491,32.215,,
1205A,119.43,32.1319,,
1206A,119.9,32.4867,,
1207A,119.9219,32.4611,,
1208A,119.882,32.303,,
1209A,119.888,32.4639,,
1210A,119.036,33.5981,,
1211A,119.007,33.575,,
1212A,118.989,33.6067,,
1213A,119.135,33.5039,,
1214A,119.0122,33.627,,
1215A,120.118,33.4022,,
1216A,120.156,33.3942,,
1217A,120.129,33.3719,,
1218A,120.225,33.3947,,
1219A,118.2658,33.96,,
1220A,118.293,33.9528,,
1221A,118.2442,33.9592,,
1222A,118.3214,33.9506,,
1223A,120.211,30.21,Hangzhou,
1224A,120.063,30.2747,Hangzhou,
1225A,119.026,29.635,Hangzhou,
1226A,120.348,30.3058,Hangzhou,
1227A,120.127,30.2456,Hangzhou,
1228A,120.19,30.2692,Hangzhou,
1229A,120.157,30.2897,Hangzhou,
1230A,120.12,30.3119,Hangzhou,
1231A,120.301,30.4183,Hangzhou,
1232A,120.27,30.1819,Hangzhou,
1233A,120.088,30.1808,Hangzhou,
1234A,121.836,29.9108,,
1235A,121.56,29.8208,,
1236A,121.713,29.9572,,
1237A,121.554,29.8906,,
1238A,,,,
1239A,121.633,29.7736,,
1240A,121.586,29.8633,,
1241A,121.524,29.8506,,
1242A,120.634,28.0089,,
1243A,120.677,27.9939,,
1244A,120.76,27.9747,,
1245A,120.671,28.0167,,
1246A,120.598,30.0911,,
1247A,120.605,29.9919,,
1248A,120.576,30.007,,
1249A,120.1,30.8867,,
1250A,120.07,30.8244,,
1251A,120.093,30.8617,,
1252A,120.744,30.7946,,
1253A,120.726,30.7478,,
1254A,,,,
1255A,121.273,28.6459,,
1256A,121.419,28.6542,,
1257A,121.377,28.5773,,
1258A,122.122,30.0203,,
1259A,122.3094,29.9558,,
1260A,122.19,29.9944,,
1261A,119.649,29.1131,,
1262A,119.647,29.077,,
1263A,119.686,29.1029,,
1264A,118.871,28.9404,,
1265A,118.871,28.9664,,
1266A,118.855,28.9745,,
1267A,119.914,28.4514,,
1268A,119.93,28.4586,,
1269A,119.879,28.4231,,
1270A,117.196,31.7848,,
1271A,117.307,31.8766,,
1272A,117.259,31.8706,,
1273A,117.16,31.9051,,
1274A,117.25,31.8572,,
1275A,117.266,31.9438,,
1276A,117.336,31.8585,,
1277A,117.302,31.7956,,
1278A,117.278,31.7386,,
1279A,117.124,31.8516,,
1280A,119.389,26.0542,,
1281A,119.414,26.0258,,
1282A,119.303,26.0392,,
1283A,119.299,26.1092,,
1284A,119.268,26.0797,,
1285A,119.315,26.0753,,
1286A,118.1569444,24.81805556,,
1287A,118.1513889,24.47666667,,
1288A,118.0636111,24.44583333,,
1290A,115.893,28.6844,,
1291A,115.8886,28.6839,,
1292A,115.813,28.7442,,
1293A,115.973,28.6969,,
1294A,115.852,28.6869,,
1295A,115.892,28.6425,,
1296A,115.742,28.7994,,
1297A,115.912,28.6131,,
1298A,115.931,28.6844,,
1299A,116.988,36.6114,,
1300A,116.93,36.67,,
1301A,117.114,36.6739,,
1302A,116.989,36.6872,,
1303A,117.0684,36.6868,,
1304A,116.943,36.6489,,
1305A,117.049,36.6622,,
1306A,116.734,36.5336,,
1307A,120.6659,36.2403,,
1308A,120.3905,36.1851,,
1309A,120.3471,36.0699,,
1310A,120.4134,36.0654,,
1311A,120.3664,36.1032,,
1312A,120.2992,36.0543,,
1313A,120.4587,36.0851,,
1314A,120.1964,36.3083,,
1315A,120.4001,36.2403,,
1316A,113.681,34.7545,,
1317A,113.641,34.7745,,
1318A,113.675,34.8019,,
1319A,113.564,34.802,,
1320A,113.727,34.7187,,
1321A,113.734,34.719,,
1322A,113.5991,34.7496,,
1323A,113.6356,34.7538,,
1324A,113.6113,34.9162,,
1325A,114.3672,30.5719,,
1326A,114.2511,30.5514,,
1327A,114.2836,30.6197,,
1328A,114.3006,30.5494,,
1329A,114.4272,30.6103,,
1330A,114.1525,30.4753,,
1331A,114.3008,30.5947,,
1332A,114.3894,30.4822,,
1333A,114.2131,30.6414,,
1334A,113.8531,30.2997,,
1335A,113.0833,28.2325,,
1336A,112.8872,28.2189,,
1337A,113.0792,28.2053,,
1338A,112.9394,28.19,,
1339A,112.9956,28.1442,,
1340A,112.9792,28.2597,,
1341A,113.0014,28.1944,,
1342A,112.9844,28.1178,,
1343A,112.8908,28.1308,,
1344A,112.9958,28.3586,,
1345A,113.235,23.1422,,
1346A,113.261,23.105,,
1347A,,,,
1348A,113.348,23.0916,,
1349A,113.433,23.105,,
1350A,113.352,22.9477,,
1351A,113.215,23.3917,,
1352A,113.26,23.1331,,
1353A,113.568,23.2783,,
1354A,113.281,23.1569,,
1355A,113.589,23.5538,,
1356A,114.096,22.55,,
1357A,114.117,22.5625,,
1358A,113.987,22.5417,,
1359A,113.923,22.5167,,
1360A,114.263,22.5908,,
1361A,114.24,22.7267,,
1362A,113.891,22.5794,,
1363A,114.494,22.5422,,
1364A,114.41,22.6342,,
1365A,114.297,22.5978,,
1366A,114.085,22.75,,
1367A,113.574,22.2611,,
1368A,113.495,22.2294,,
1369A,113.628,22.4251,,
1370A,113.299,22.2281,,
1371A,113.134,23.0048,,
1372A,113.105,23.0395,,
1373A,113.144,23.0467,,
1374A,113.292,22.8054,,
1375A,113.257,22.7629,,
1376A,112.844,22.8693,,
1377A,112.885,23.1572,,
1378A,112.863,23.1886,,
1379A,113.3769,22.5211,,
1380A,113.3881,22.5497,,
1381A,113.4075,22.5111,,
1382A,113.4411,22.4853,,
1383A,113.104,22.6069,,
1384A,113.074,22.5811,,
1385A,113.024,22.5328,,
1386A,113.0819,22.5931,,
1387A,113.7819444,23.05361111,,
1388A,113.7461111,23.02777778,,
1389A,113.7480556,23.06,,
1390A,113.7944444,23.01277778,,
1391A,113.7383333,22.96583333,,
1392A,114.4183,23.0528,,
1393A,114.4053,23.08,,
1394A,114.4103,23.1142,,
1395A,114.3244,22.8172,,
1396A,114.5317,22.7422,,
1397A,112.427,23.0706,,
1398A,112.471,23.0528,,
1399A,112.565,23.1617,,
1400A,112.4722,23.0786,,
1401A,108.301,22.7875,,
1402A,108.316,22.8561,,
1403A,108.321,22.8225,,
1404A,108.383,22.805,,
1405A,108.439,22.7906,,
1406A,108.239,22.8464,,
1407A,108.328,22.735,,
1408A,108.244,22.7833,,
1409A,110.576,19.9507,,
1410A,110.3232,20.0574,,
1411A,110.283,20.0053,,
1412A,110.338,19.9969,,
1413A,110.33,20.0356,,
1414A,106.379,29.8272,,
1415A,106.46,29.5736,,
1416A,106.424,29.8264,,
1417A,106.626,29.7228,,
1418A,106.296,29.5983,,
1419A,106.54,29.5186,,
1420A,106.65,29.6219,,
1421A,106.634,29.4892,,
1422A,106.364,29.4822,,
1423A,106.571,29.5642,,
1424A,106.512,29.5164,,
1425A,106.617,29.7125,,
1426A,106.468,29.4892,,
1427A,106.562,29.6453,,
1428A,106.452,29.709,,
1429A,106.513,29.389,,
1430A,106.591,29.4272,,
1431A,103.97275,30.72358333,,
1432A,104.176,30.6872,,
1433A,104.079,30.5706,,
1434A,104.1113889,30.63,,
1435A,104.074,30.685,,
1436A,,,,
1437A,104.054,30.6578,,
1438A,103.613,31.0283,,
1439A,106.6856,26.6029,,
1440A,106.6971,26.5689,,
1441A,106.6243,26.6266,,
1442A,106.7487,26.6343,,
1443A,106.6554,26.4364,,
1444A,106.6948,26.5155,,
1445A,106.7105,26.6009,,
1446A,106.7164,26.5697,,
1447A,106.6867,26.5495,,
1449A,102.743,25.0124,,
1450A,102.821,24.8885,,
1451A,102.625,24.9624,,
1452A,102.728,25.0836,,
1453A,102.722,25.0405,,
1454A,102.681,25.067,,
1455A,102.638,25.0359,,
1456A,91.1319,29.6514,,
1457A,91.1221,29.6747,,
1458A,91.0874,29.6475,,
1459A,91.1774,29.6541,,
1460A,90.9798,29.6588,,
1461A,91.0834,29.6292,,
1462A,108.882,34.2749,,
1463A,108.993,34.2629,,
1464A,109.06,34.2572,,
1465A,108.94,34.2324,,
1466A,108.954,34.2713,,
1467A,108.883,34.2303,,
1468A,108.935,34.3474,,
1469A,108.906,34.1546,,
1470A,109.2,34.6575,,
1471A,109.2186,34.3731,,
1472A,108.869,34.378,,
1473A,108.985,34.1978,,
1474A,109.043,34.3274,,
1475A,103.712,36.0756,,
1476A,103.631,36.1031,,
1477A,104.148,35.94,,
1478A,103.841,36.0725,,
1479A,103.831,36.0464,,
1480A,101.748,36.6428,,
1481A,101.749,36.6922,,
1482A,101.834,36.5819,,
1483A,101.524,36.6867,,
1484A,105.9512,38.6016,,
1485A,106.2682,38.4744,,
1486A,106.217,38.4536,,
1487A,106.0715,38.4858,,
1488A,106.2328,38.4975,,
1489A,106.1358,38.5036,,
1490A,87.5801,43.8303,,
1491A,87.6046,43.768,,
1492A,87.4754,43.9469,,
1493A,87.5525,43.8711,,
1494A,87.6432,43.831,,
1495A,87.4171,43.8729,,
1496A,87.6444,43.962,,
1508A,112.9433,27.8614,,
1511A,112.9118,27.8403,,
1512A,112.8937,27.8728,,
1513A,112.9227,27.8159,,
1514A,112.9074,27.9119,,
1515A,113.135,27.8244,,
1518A,113.095,27.8867,,
1519A,113.167,27.8667,,
1520A,113.143,27.8381,,
1524A,113.13,27.8528,,
1552A,106.805,26.3003,,
1559A,113.251,27.8336,,
1562A,113.0048,27.9153,,
1564A,112.4876,27.9164,,
1585A,109.8756,40.6532,,
1586A,109.8104,40.6575,,
1587A,110.0067,40.5905,,
1588A,109.8538,40.6821,,
1589A,109.8654,40.6288,,
1590A,110.0377,40.5546,,
1591A,110.0023,39.8129,,
1592A,109.9486,39.8261,,
1593A,109.7736,39.5986,,
1594A,109.8119,39.5989,,
1595A,109.9734,39.7884,,
1596A,122.2414,40.6592,,
1597A,122.2703,40.7094,,
1598A,122.215,40.6511,,
1599A,122.1658,40.6789,,
1600A,124.3303,40.0625,,
1601A,124.4256,40.1503,,
1602A,124.3933,40.1461,,
1603A,124.3678,40.1194,,
1604A,122.0247,41.1556,,
1605A,122.0539,41.0903,,
1606A,121.835,41.1042,,
1607A,120.9092,40.7136,,
1608A,120.8392,40.7514,,
1609A,120.8478,40.715,,
1610A,120.8631,40.7736,,
1611A,118.5819,24.9117,,
1612A,118.5972,24.8978,,
1613A,118.6663,24.9424,,
1614A,118.6108,24.9617,,
1615A,117.685,36.205,,
1616A,117.6789,36.2289,,
1617A,117.715,36.2081,,
1618A,118.3418,35.0573,,
1619A,118.2939,35.0622,,
1620A,118.2764,34.9817,,
1621A,118.4023,35.0896,,
1622A,116.3061,37.4664,,
1623A,116.2729,37.4504,,
1624A,116.3189,37.4489,,
1625A,115.9848,36.4372,,
1626A,115.9968,36.4568,,
1627A,115.9835,36.4796,,
1628A,118.0062,37.3803,,
1629A,118.0018,37.3617,,
1630A,117.9776,37.393,,
1631A,118.0482,36.8088,,
1632A,118.0448,36.838,,
1633A,117.8477,36.497,,
1634A,117.9544,36.6377,,
1635A,118.3092,36.8198,,
1636A,117.8512,36.8041,,
1637A,117.5564,34.864,,
1638A,117.2852,34.7837,,
1639A,117.5852,34.7745,,
1640A,117.732,34.5667,,
1641A,117.4518,35.0992,,
1642A,121.2514,37.5639,,
1643A,121.3719,37.5433,,
1644A,121.3181,37.5436,,
1645A,121.4478,37.4822,,
1646A,121.2611,37.4967,,
1647A,121.5953,37.3872,,
1648A,119.12,36.7019,,
1649A,119.0919,36.7306,,
1650A,119.1425,36.7008,,
1651A,119.1614,36.6572,,
1652A,119.1939,36.7731,,
1653A,116.6305,35.428,,
1654A,116.5856,35.4144,,
1655A,116.5546,35.4039,,
1656A,117.1436,36.1942,,
1657A,117.0881,36.1942,,
1658A,117.1081,36.1758,,
1659A,119.4641,35.4178,,
1660A,119.5198,35.4234,,
1661A,119.54,35.3962,,
1662A,122.1206,37.4294,,
1663A,122.0508,37.5325,,
1664A,122.1067,37.5072,,
1665A,118.5019,37.4658,,
1666A,118.6672,37.4314,,
1667A,118.5857,37.4442,,
1668A,118.8192,37.3781,,
1669A,113.586606,24.769519,,
1670A,113.5593889,24.81119444,,
1671A,113.598061,24.795928,,
1672A,113.6734722,24.77908333,,
1673A,113.5970833,24.68636111,,
1674A,116.6794,23.3667,,
1675A,116.7244,23.3633,,
1676A,116.7258,23.2775,,
1677A,116.7519,23.4714,,
1678A,116.6092,23.2539,,
1679A,116.4019,23.2536,,
1680A,110.3539,21.2706,,
1681A,110.3928,21.2228,,
1682A,110.4019,21.1997,,
1683A,110.4111,21.2028,,
1684A,110.3316,21.2679,,
1685A,110.4558,21.2567,,
1686A,111.0286,21.4689,,
1687A,110.9294,21.6533,,
1688A,110.9067,21.6669,,
1689A,110.8592,21.6828,,
1690A,116.1278,24.3289,,
1691A,116.0797,24.2719,,
1692A,116.1248,24.2654,,
1693A,115.3653,22.775,,
1694A,115.3706,22.7898,,
1695A,115.3622,22.7925,,
1696A,114.6778,23.7569,,
1697A,114.6944,23.7586,,
1698A,114.6892,23.7233,,
1699A,111.9786,21.8586,,
1700A,111.9508,21.8536,,
1701A,111.9494,21.865,,
1702A,113.0425,23.6936,,
1703A,113.0208,23.7106,,
1704A,113.0622,23.6272,,
1705A,116.6339,23.6714,,
1706A,116.6447,23.6706,,
1707A,116.6175,23.6531,,
1708A,116.3697,23.5353,,
1709A,116.3242,23.5486,,
1710A,116.3594,23.5739,,
1711A,116.4094,23.5292,,
1712A,112.0392,22.9169,,
1713A,112.0369,22.9394,,
1714A,112.0539,22.9539,,
1715A,102.5778,24.3694,,
1716A,102.5433,24.3603,,
1717A,102.4964,24.3411,,
1718A,115.42277,35.248889,,
1719A,115.474722,35.2375,,
1720A,115.455,35.27,,
1721A,113.3819,40.1097,,
1722A,113.2858,40.0958,,
1723A,113.2994,40.0758,,
1724A,113.3444,40.0917,,
1725A,113.2661,40.1269,,
1726A,113.2711,40.0844,,
1727A,113.1097,36.1542,,
1728A,113.0972,36.1939,,
1729A,113.1466,36.1961,,
1730A,113.0886,36.2126,,
1731A,113.0844444,36.1855,,
1732A,111.5125,36.0978,,
1733A,111.5531,36.0783,,
1734A,111.5028,36.0714,,
1735A,111.5169,36.0822,,
1736A,111.5025,36.0875,,
1737A,111.4917,36.0417,,
1738A,113.5753,37.8564,,
1739A,113.4922,37.8792,,
1740A,113.5922,37.8561,,
1741A,113.6292,37.8531,,
1742A,113.5689,37.8694,,
1743A,113.5158,37.85,,
1744A,118.9233,42.2814,,
1745A,118.9572,42.2725,,
1746A,118.8789,42.2556,,
1747A,119.2719,42.0317,,
1748A,123.044,41.1196,,
1749A,123.011,41.0931,,
1750A,123.0485,41.1442,,
1751A,122.9642,41.0971,,
1752A,122.9481,41.0833,,
1753A,123.0156,41.0831,,
1754A,123.1289,41.0228,,
1755A,123.81,41.8469,,
1756A,123.9169,41.8828,,
1757A,124.0383,41.8625,,
1758A,123.9,41.8594,,
1759A,124.0878,41.8864,,
1760A,123.7117,41.8417,,
1761A,123.8436,41.3283,,
1762A,123.7528,41.3369,,
1763A,123.7308,41.3047,,
1764A,123.7669,41.2864,,
1765A,123.7989,41.2692,,
1766A,123.8142,41.3472,,
1767A,121.0986,41.0781,,
1768A,121.045,40.8333,,
1769A,121.2008,41.1219,,
1770A,121.1178,41.1222,,
1771A,121.1303,41.1386,,
1772A,126.555,43.8875,,
1773A,126.5844,43.8358,,
1774A,126.4978,43.8228,,
1775A,126.5786,43.8947,,
1776A,126.55,43.8256,,
1777A,,,,
1778A,126.6772,43.7256,,
1779A,123.9305,47.3636,,
1780A,123.9305,47.3386,,
1781A,123.9483,47.3227,,
1782A,123.6261,47.203,,
1783A,123.945,47.2988,,
1784A,129.61,44.561,,
1785A,129.6115,44.5782,,
1786A,129.5902,44.5952,,
1787A,129.6459,44.6104,,
1788A,129.6386,44.5462,,
1789A,124.8354,46.0347,,
1790A,125.112,46.528,,
1791A,124.8847,46.3991,,
1792A,125.1386,46.5776,,
1793A,124.8648,46.6219,,
1794A,118.3528,31.3508,,
1795A,118.37,31.4189,,
1796A,118.3708,31.3178,,
1797A,118.4022,31.3839,,
1798A,118.5058,31.6861,,
1799A,118.4828,31.6411,,
1800A,118.5106,31.7506,,
1801A,118.48,31.6928,,
1802A,118.6439,31.7133,,
1803A,115.9872,29.6816,,
1804A,115.9581,29.7048,,
1805A,115.988,29.7292,,
1806A,116.0174,29.6535,,
1807A,116.0628,29.6926,,
1808A,115.9114,29.6039,,
1809A,116.0726,29.7534,,
1810A,115.9936,29.5867,,
1811A,112.3628,34.6692,,
1812A,112.3939,34.6511,,
1813A,112.4333,34.67,,
1814A,112.4664,34.6869,,
1815A,112.4831,34.6869,,
1816A,112.3844,34.6231,,
1817A,112.4275,34.6258,,
1818A,114.483,36.061,,
1819A,114.32,36.086,,
1820A,114.358,36.087,,
1821A,114.3931,36.0883,,
1822A,114.286,36.11,,
1823A,114.3406,34.8022,,
1824A,114.3389,34.7781,,
1825A,114.3733,34.7975,,
1826A,114.2886,34.7967,,
1827A,113.261,35.235,,
1828A,113.227,35.213,,
1829A,113.2464,35.1764,,
1830A,113.1992,35.259,,
1831A,113.3064,33.7214,,
1832A,113.322,33.721,,
1833A,113.292,33.739,,
1834A,113.182,33.737,,
1835A,111.1928,34.7772,,
1836A,111.158,34.794,,
1837A,111.1858,34.7917,,
1838A,111.1489,34.7997,,
1839A,111.3009,30.7157,,
1840A,111.2992,30.698,,
1841A,111.3549,30.6463,,
1842A,111.268,30.696,,
1843A,111.3296,30.7819,,
1844A,112.2551,30.3175,,
1845A,112.2068,30.3515,,
1846A,112.2887,30.3055,,
1847A,113.1094,29.3578,,
1848A,113.1493,29.4251,,
1849A,113.1772,29.3678,,
1850A,113.2621,29.4758,,
1851A,112.9943,29.4402,,
1852A,113.2117,29.355,,
1853A,111.7044,29.0244,,
1854A,111.6975,28.9703,,
1855A,111.6753,29.0239,,
1856A,111.6794,29.0381,,
1857A,111.7158,29.1456,,
1858A,110.48,29.1389,,
1859A,110.4697,29.1242,,
1860A,110.5594,29.3547,,
1861A,110.4417,29.315,,
1862A,110.4144,25.3167,,
1863A,110.2819,25.2697,,
1864A,110.3089,25.2708,,
1865A,110.2869,25.2178,,
1866A,109.2256,21.5958,,
1867A,109.1436,21.4086,,
1868A,109.0981,21.4661,,
1869A,109.1778,21.5233,,
1870A,109.4883,24.3898,,
1871A,109.4108,24.3304,,
1872A,109.3886,24.3406,,
1873A,109.4221,24.299,,
1874A,109.3957,24.3663,,
1875A,109.4839,24.3158,,
1876A,109.5078,18.2489,,
1877A,109.4964,18.2681,,
1878A,104.7778,31.4747,,
1879A,104.7536,31.4539,,
1880A,104.6717,31.4656,,
1881A,104.7283,31.5072,,
1882A,104.5969,28.8194,,
1883A,104.6225,28.76611,,
1884A,104.6061,28.7867,,
1885A,104.6417,28.76389,,
1886A,104.5761,28.71583,,
1887A,104.6789,28.7989,,
1888A,101.68912,26.57098,,
1889A,101.5769,26.5928,,
1890A,101.7169,26.585,,
1891A,101.7453,26.5017,,
1893A,105.4306,28.9583,,
1894A,105.4436,28.9026,,
1895A,105.4322,28.8558,,
1896A,105.4322,28.8833,,
1897A,104.7547,29.3628,,
1898A,104.7214,29.3586,,
1899A,104.7747,29.3564,,
1900A,104.7692,29.3411,,
1901A,104.4219,31.1208,,
1902A,104.3883,31.1333,,
1903A,104.4053,31.1167,,
1904A,104.3539,31.1108,,
1905A,106.056,30.8064,,
1906A,106.0789,30.8023,,
1907A,106.1031,30.8217,,
1908A,106.1064,30.7856,,
1909A,106.0642,30.7636,,
1910A,106.1087,30.8388,,
1911A,106.9222,27.6869,,
1912A,106.9242,27.7019,,
1913A,106.8906,27.6486,,
1914A,106.9231,27.6506,,
1915A,106.9178,27.72,,
1916A,103.7897,25.5035,,
1917A,103.8,25.5364,,
1918A,108.7197,34.3956,,
1919A,108.6761,34.3181,,
1920A,108.7233,34.3617,,
1921A,108.7369,34.3164,,
1922A,109.0656,35.0994,,
1923A,109.0697,35.0697,,
1924A,108.9344,34.9058,,
1925A,108.9589,34.8731,,
1926A,109.4131,36.6275,,
1927A,109.4761,36.6028,,
1928A,109.4824,36.5767,,
1929A,109.5056,36.6106,,
1930A,107.1586,34.3708,,
1931A,107.0708,34.3017,,
1932A,107.1906,34.3672,,
1933A,107.1431,34.3547,,
1934A,107.1186,34.3739,,
1935A,107.3906,34.3528,,
1936A,107.2058,34.3497,,
1937A,107.2386,34.3622,,
1938A,109.5293,34.5101,,
1939A,109.5049,34.5004,,
1940A,109.4636,34.493,,
1941A,109.4266,34.5021,,
1942A,102.1878,38.5247,,
1943A,102.1725,38.5339,,
1944A,102.1708,38.5061,,
1945A,98.2908,39.7711,,
1946A,,,,
1947A,106.3394,38.817,,
1948A,106.3717,39.0153,,
1949A,106.7704,39.2282,,
1950A,106.7096,39.1292,,
1951A,84.8861,45.6033,,
1952A,84.8897,45.5828,,
1953A,85.1186,45.6886,,
1954A,84.8983,44.3336,,
1955A,85.6931,46.0872,,
1956A,86.1461,41.7511,,
1957A,86.2022,41.7192,,
1958A,86.2381,41.7128,,
1959A,118.746,36.881,,
1960A,118.78,36.864,,
1961A,117.541,36.71,,
1962A,117.541,36.71,,
1963A,120.61,36.44,,
1964A,120.47,36.39,,
1965A,120.005,35.878,,
1966A,120.039,35.872,,
1967A,120.008,36.283,,
1968A,120.014,36.253,,
1969A,120.537,36.865,,
1970A,120.515,36.885,,
1971A,119.952,36.792,,
1972A,119.976,36.799,,
1973A,120.747,37.825,,
1974A,120.773,37.809,,
1975A,120.399,37.374,,
1976A,120.394,37.364,,
1977A,119.941,37.177,,
1978A,119.959,37.18,,
1979A,122.471,37.154,,
1980A,122.41,37.161,,
1981A,122.038,37.197,,
1982A,122.019,37.187,,
1983A,121.531,36.913,,
1984A,121.544,36.907,,
1985A,120.636,31.155,,
1986A,120.635,31.17,,
1987A,120.658,31.172,,
1988A,120.953,31.388,,
1989A,120.999,31.381,,
1990A,120.758,31.67,,
1991A,120.721,31.671,,
1992A,120.734,31.656,,
1993A,120.526,31.874,,
1994A,120.55,31.882,,
1995A,121.115,31.453,,
1996A,121.14,31.422,,
1997A,119.146,31.955,,
1998A,119.18,31.955,,
1999A,120.268,31.92,,
2000A,120.237,31.909,,
2001A,120.302,31.92,,
2002A,119.818,31.354,,
2003A,119.794,31.371,,
2004A,119.579,31.751,,
2005A,119.579,31.737,,
2006A,119.46,31.4,,
2007A,119.438,31.317,,
2008A,121.173,31.896,,
2009A,121.154,31.896,,
2010A,119.7183,30.2366,,
2011A,119.6942,30.2311,,
2012A,119.954,30.054,,
2013A,119.946,30.049,,
2014A,120.091,29.305,,
2015A,120.04,29.334,,
2016A,120.251,29.719,,
2017A,120.209,29.732,,
2018A,121.989,39.625,,
2019A,122.011,39.617,,
2031A,113.1817,27.9958,,
2054A,114.1044,32.1078,,
2064A,114.0122,32.1403,,
2065A,114.0681,32.1342,,
2066A,114.0614,32.1383,,
2067A,114.6613,33.6128,,
2068A,114.6758,33.6347,,
2069A,114.6546,33.5979,,
2070A,114.6369,33.6406,,
2073A,117.7206,24.5086,,
2074A,117.6569,24.5157,,
2075A,117.6336,24.4674,,
2160A,112.85,35.5051,,
2161A,112.835,35.4934,,
2162A,112.8564,35.4883,,
2163A,112.8664,35.4894,,
2164A,112.8252,35.4813,,
2165A,112.8453,35.546,,
2166A,112.44,39.3514,,
2167A,112.4549,39.3606,,
2168A,112.4254,39.3179,,
2169A,112.4078,39.3265,,
2170A,112.4279,39.3673,,
2171A,112.7549,37.7019,,
2172A,,,,
2173A,112.7306,37.7111,,
2174A,112.7105,37.7087,,
2175A,110.9956,35.0147,,
2176A,111.0233,35.0611,,
2177A,,,,
2178A,110.9678,35.0308,,
2179A,111.0414,35.1147,,
2180A,112.7356,38.4186,,
2181A,112.7383,38.4519,,
2182A,112.7003,38.4928,,
2183A,111.1406,37.5211,,
2184A,,,,
2185A,111.1297,37.5136,,
2186A,106.8219,39.6719,,
2187A,106.8089,39.6969,,
2188A,106.7931,39.6572,,
2189A,122.2603,43.6267,,
2190A,122.3039,43.6156,,
2191A,122.2532,43.6801,,
2192A,119.7594,49.2261,,
2193A,119.7283,49.2014,,
2194A,107.5936,40.916,,
2195A,107.4211,40.7608,,
2196A,107.3715,40.7378,,
2197A,113.1306,40.9923,,
2198A,113.0974,41.038,,
2199A,122.062,46.0872,,
2200A,122.0506,46.0703,,
2201A,121.9462,46.0756,,
2202A,116.1042,43.9317,,
2203A,116.0781,43.9311,,
2204A,105.6775,38.8343,,
2205A,105.6975,38.843,,
2206A,105.724,38.8516,,
2207A,121.6178,41.9967,,
2208A,121.6561,42.0186,,
2209A,121.6972,42.0503,,
2210A,121.6722,42.0228,,
2211A,121.6592,42.0486,,
2212A,123.2,41.1953,,
2213A,123.15,41.2553,,
2214A,123.1761,41.2736,,
2215A,123.1417,41.2894,,
2216A,123.8139,42.3022,,
2217A,123.8831,42.2953,,
2218A,123.8489,42.2864,,
2219A,123.7153,42.2217,,
2220A,120.4439,41.5931,,
2221A,120.4486,41.5672,,
2222A,120.4247,41.5647,,
2223A,120.3939,41.615,,
2224A,124.3419,43.1747,,
2225A,124.3711,43.1594,,
2226A,124.3897,43.1847,,
2227A,125.1358,42.8947,,
2228A,125.1567,42.8953,,
2229A,125.9361,41.7156,,
2230A,125.9486,41.7381,,
2231A,126.4047,41.9206,,
2232A,126.4078,41.9419,,
2233A,124.8292,45.0878,,
2234A,124.8528,45.1642,,
2235A,122.8444,45.6289,,
2236A,122.8211,45.6175,,
2237A,129.4892,42.8939,,
2238A,129.5042,42.9061,,
2239A,129.3675,42.8775,,
2240A,130.962,45.2924,,
2241A,130.9817,45.305,,
2242A,131.0103,45.2948,,
2243A,130.9298,45.2978,,
2244A,130.2659,47.3349,,
2245A,130.261,47.2753,,
2246A,130.3172,47.3489,,
2247A,130.1097,47.3382,,
2248A,131.1638,46.6572,,
2249A,131.1651,46.619,,
2250A,131.1516,46.6462,,
2251A,131.1572,46.5888,,
2252A,128.8736,47.7222,,
2253A,128.9094,47.7317,,
2254A,129.4942,48.4658,,
2255A,130.2719,46.8025,,
2256A,130.3961,46.8267,,
2257A,130.3258,46.7975,,
2258A,130.3648,46.8032,,
2259A,130.3794,46.7588,,
2260A,131.0032,45.7677,,
2261A,130.8625,45.8194,,
2262A,130.9467,45.8309,,
2263A,127.4961,50.2486,,
2264A,127.5044,50.2391,,
2265A,127.4143,50.2538,,
2266A,126.9934,46.6384,,
2267A,126.9636,46.6527,,
2268A,124.1186,50.4269,,
2269A,124.1303,50.4217,,
2270A,117.3961,32.939,,
2271A,117.3575,32.9444,,
2272A,117.3086,32.935,,
2273A,117.4186,32.8913,,
2274A,117.3536,32.9673,,
2275A,117.3065,32.8985,,
2276A,,,,
2277A,116.8028,32.7639,,
2278A,117.0083,32.645,,
2279A,116.8556,32.6028,,
2280A,116.8306,32.6319,,
2281A,116.7039,32.625,,
2282A,116.8008,33.975,,
2283A,116.8067,33.8997,,
2284A,116.7844,33.9461,,
2285A,117.8178,30.9414,,
2286A,117.8078,30.9222,,
2287A,117.7806,30.9414,,
2288A,117.7442,30.8811,,
2289A,117.8561,30.9219,,
2290A,117.8472,30.9697,,
2291A,117.0549,30.5103,,
2292A,117.0331111,30.51197222,,
2293A,117.0486,30.5489,,
2294A,116.9894,30.6145,,
2295A,118.3057,29.7128,,
2296A,118.3236,29.7207,,
2297A,118.1371,30.2756,,
2298A,118.3094,32.3153,,
2299A,118.3244,32.2786,,
2300A,118.3158,32.3061,,
2301A,115.8275,32.8928,,
2302A,,,,
2303A,115.8556,32.8603,,
2304A,116.9765,33.6481,,
2305A,116.9677,33.6284,,
2306A,116.989,33.63063889,,
2307A,116.508,31.7371,,
2308A,116.478,31.7618,,
2309A,116.5068,31.7797,,
2310A,116.5661,31.7712,,
2311A,115.8067,33.8399,,
2312A,115.7831,33.8561,,
2313A,117.4808,30.6414,,
2314A,117.4697,30.6617,,
2315A,117.4974,30.6539,,
2316A,118.7581,30.9447,,
2317A,118.7386,30.9742,,
2318A,118.7175,30.9431,,
2319A,119.0156,25.442,,
2320A,119.0018,25.4552,,
2321A,119.1117,25.4556,,
2322A,119.1015,25.3214,,
2323A,118.981,25.4792,,
2324A,117.6211,26.2625,,
2325A,117.6353,26.2708,,
2326A,117.6028,26.2378,,
2327A,117.7275,26.3108,,
2331A,118.0966,26.6761,,
2332A,118.1694,26.6383,,
2333A,118.1819,26.6514,,
2334A,118.1756,26.6272,,
2335A,117.0181,25.1174,,
2336A,117.0216,25.1035,,
2337A,117.0256,25.0661,,
2338A,117.0151,25.0311,,
2339A,119.5001,26.6946,,
2340A,119.5202,26.6607,,
2341A,119.5392,26.6611,,
2342A,117.3097,29.3864,,
2343A,117.2111,29.2958,,
2344A,117.1983,29.2786,,
2345A,117.1558,29.2647,,
2346A,117.2461,29.2956,,
2347A,114.0944,27.4948,,
2348A,113.8381,27.6428,,
2349A,113.8447,27.6231,,
2350A,113.8686,27.6442,,
2351A,113.865,27.6178,,
2352A,115.0586,27.7758,,
2353A,114.9831,27.8344,,
2354A,114.9289,27.8328,,
2355A,114.9314,27.8036,,
2356A,114.9119,27.8042,,
2357A,116.9622,28.095,,
2358A,117.0564,28.2642,,
2359A,117.0281,28.2403,,
2360A,117.0222,28.2264,,
2361A,116.9983,28.2169,,
2362A,114.9064,25.9118,,
2363A,114.9367,25.8664,,
2364A,114.9461,25.8481,,
2365A,114.9322,25.8333,,
2366A,114.8905,25.8471,,
2367A,114.9817,27.0658,,
2368A,114.9739,27.11,,
2369A,114.99,27.1311,,
2370A,115.0075,27.0983,,
2371A,114.3442,27.8036,,
2372A,114.3806,27.8014,,
2373A,114.3953,27.7842,,
2374A,114.3703,27.7914,,
2375A,114.4011,27.8072,,
2376A,116.2239,28.0797,,
2377A,116.3553,27.9883,,
2378A,116.3598,27.9639,,
2379A,116.3574,28.0005,,
2380A,116.385,27.9647,,
2381A,118.0058,28.4569,,
2382A,117.973,28.4459,,
2383A,117.9511,28.4622,,
2384A,117.9033,28.4303,,
2385A,114.17,35.9019,,
2386A,114.2956,35.7511,,
2387A,114.2878,35.7306,,
2388A,113.926,35.279,,
2389A,113.836,35.31,,
2390A,113.884,35.272,,
2391A,113.883,35.303,,
2392A,115.031,35.763,,
2393A,114.9906,35.767,,
2394A,115.0628,35.7672,,
2395A,115.0772,35.767,,
2396A,113.8331,34.0117,,
2397A,113.8208,34.0314,,
2398A,113.7906,33.9953,,
2399A,114.056,33.567,,
2400A,114.005,33.568,,
2401A,114.014,33.581,,
2402A,114.0322,33.5653,,
2403A,112.5192,32.9917,,
2404A,112.5224,33.0122,,
2405A,112.5003,32.9735,,
2406A,112.5573,33.027,,
2407A,112.55,32.9683,,
2408A,115.6697,34.4286,,
2409A,115.6558,34.429,,
2410A,115.6386,34.407,,
2411A,115.6578,34.402,,
2420A,114.018,32.965,,
2421A,114.0131,33.0069,,
2422A,113.996,32.996,,
2423A,115.0625,30.2352,,
2424A,115.0767,30.2028,,
2425A,114.9551,30.1765,,
2426A,114.8949,30.2043,,
2427A,115.0264,30.2099,,
2428A,111.0419,32.395,,
2429A,110.78,32.6494,,
2430A,110.7258,32.6389,,
2431A,110.8839,32.5714,,
2432A,112.155,32.0197,,
2433A,112.1392,32.0564,,
2434A,112.1825,32.1142,,
2435A,112.2106,32.0903,,
2436A,114.8878,30.3944,,
2437A,114.8989,30.3714,,
2438A,114.8131,30.4133,,
2439A,112.2014,31.0483,,
2440A,112.1969,30.9892,,
2441A,112.2211,31.0386,,
2442A,112.1931,31.0375,,
2443A,113.9153,30.9285,,
2444A,113.942,30.9075,,
2445A,114.8857,30.4522,,
2446A,114.9028,30.4742,,
2447A,114.3036,29.8181,,
2448A,114.3231,29.8211,,
2449A,114.2894,29.8539,,
2450A,114.3372,29.8686,,
2451A,113.3583,31.7275,,
2452A,113.3833,31.6908,,
2453A,113.3983,31.7308,,
2454A,109.5039,30.2989,,
2455A,109.4689,30.2819,,
2456A,112.5328,26.9089,,
2457A,112.6194,26.9258,,
2458A,112.6211,26.8956,,
2459A,112.6197,26.8733,,
2460A,112.6006,26.8919,,
2461A,112.5664,26.9056,,
2462A,111.5239,27.3033,,
2463A,111.4733,27.2317,,
2464A,111.4908,27.2582,,
2465A,111.4503,27.2537,,
2466A,111.4328,27.2272,,
2467A,112.4067,28.6428,,
2468A,112.3458,28.5808,,
2469A,112.3439,28.56,,
2470A,112.3347,28.6047,,
2471A,112.3744,28.5819,,
2472A,113.0073,25.9061,,
2473A,113.0116,25.8226,,
2474A,113.0119,25.8179,,
2475A,113.0383,25.8071,,
2476A,113.0348,25.7759,,
2477A,111.6217,26.2081,,
2478A,111.6156,26.4214,,
2479A,111.6236,26.2331,,
2480A,111.5992,26.4364,,
2481A,111.5989,26.4519,,
2482A,109.9333,27.5733,,
2483A,109.9453,27.5444,,
2484A,109.9792,27.5342,,
2485A,109.9972,27.5578,,
2486A,110.0394,27.583,,
2487A,111.9975,27.725,,
2488A,111.9975,27.725,,
2489A,112.0194,27.7314,,
2490A,111.9561,27.7569,,
2491A,111.9892,27.7044,,
2492A,109.6414,28.2558,,
2493A,109.7325,28.3169,,
2494A,109.6958,28.2675,,
2495A,111.2897,23.4792,,
2496A,111.3178,23.475,,
2497A,111.2353,23.415,,
2498A,111.26,23.4794,,
2499A,108.3411,21.6158,,
2500A,108.3511,21.7631,,
2501A,108.3506,21.6414,,
2502A,108.6236,21.9667,,
2503A,108.6553,21.9508,,
2504A,108.5989,21.7431,,
2505A,109.5681,23.1478,,
2506A,109.6042,23.0672,,
2507A,109.6014,23.0944,,
2508A,109.5683,23.1036,,
2509A,110.1106,22.7019,,
2510A,110.1675,22.6411,,
2511A,110.1433,22.6164,,
2512A,106.6103,23.9011,,
2513A,106.6527,23.8844,,
2514A,111.5269,24.4175,,
2515A,111.5622,24.4072,,
2516A,108.2134,24.7121,,
2517A,108.054,24.6928,,
2518A,108.1009,24.6967,,
2519A,109.2131,23.7208,,
2520A,109.2317,23.7369,,
2521A,107.3476,22.4137,,
2522A,107.3701,22.3708,,
2523A,105.8945,32.4535,,
2524A,105.8242,32.4429,,
2525A,105.8153,32.4246,,
2526A,105.8624,32.4285,,
2527A,105.7519,30.5797,,
2528A,105.68,30.6133,,
2529A,105.8161,30.6347,,
2530A,105.5956,30.475,,
2531A,105.0331,29.5953,,
2532A,105.0717,29.5947,,
2533A,105.0653,29.5817,,
2534A,105.0406,29.5822,,
2535A,103.7705,29.5467,,
2536A,103.7627,29.5844,,
2537A,103.7506,29.6007,,
2538A,103.757,29.5634,,
2539A,103.8986,30.0506,,
2540A,103.8416,30.0874,,
2541A,103.8495,30.0691,,
2542A,103.8341,30.062,,
2543A,106.631,30.518,,
2544A,106.6303,30.4576,,
2545A,106.6271,30.4663,,
2546A,106.6406,30.4844,,
2547A,106.6388,30.4551,,
2548A,107.5272,31.2797,,
2549A,107.525,31.215,,
2550A,107.4967,31.2108,,
2551A,107.5069,31.1956,,
2552A,107.4611,31.2058,,
2553A,103.009,30.0125,,
2554A,103.0013,29.9899,,
2555A,103.0109,29.9834,,
2556A,103.0001,29.9816,,
2557A,106.7583,31.8475,,
2558A,106.7389,31.8711,,
2559A,106.7594,31.8531,,
2560A,106.7608,31.8456,,
2561A,104.6617,30.1366,,
2562A,104.6356,30.1506,,
2563A,104.6289,30.1377,,
2564A,104.6469,30.1142,,
2565A,104.6294,30.1259,,
2566A,102.1755,31.9286,,
2567A,102.2218,31.9025,,
2568A,102.2402,31.8934,,
2569A,101.9628,30.0506,,
2570A,101.9603,30.0475,,
2571A,102.3419,27.8094,,
2572A,102.2714,27.8408,,
2573A,102.2625,27.8978,,
2574A,102.2689,27.8847,,
2575A,102.2311,27.8953,,
2576A,104.8,26.5892,,
2577A,104.83,26.5917,,
2578A,104.89,26.5939,,
2579A,104.8475,26.5894,,
2580A,104.9544,26.5506,,
2581A,105.9556,26.2611,,
2582A,105.9278,26.255,,
2583A,105.9394,26.2358,,
2584A,105.8853,26.2392,,
2585A,109.1916,27.7297,,
2586A,109.1794,27.7231,,
2587A,105.2864,27.3125,,
2588A,105.31,27.2944,,
2589A,104.9022,25.0925,,
2590A,104.8811,25.0992,,
2591A,107.9783,26.5747,,
2592A,,,,
2593A,107.5228,26.2403,,
2594A,99.1678,25.1081,,
2595A,99.1711,25.1328,,
2596A,103.7032,27.3392,,
2597A,103.7225,27.3361,,
2598A,100.2143,26.8576,,
2599A,100.2497,26.8802,,
2600A,100.2203,26.8906,,
2601A,100.98,22.7633,,
2602A,100.9817,22.8322,,
2603A,100.0869,23.8822,,
2604A,100.0782,23.8982,,
2605A,101.5482,25.0441,,
2606A,101.538,25.0492,,
2607A,103.3113,23.4626,,
2608A,103.3772,23.3993,,
2609A,103.386,23.4168,,
2610A,104.2533,23.3594,,
2611A,104.2319,23.3892,,
2612A,100.7939,22.0019,,
2613A,100.8017,22.0225,,
2614A,100.1542,25.7054,,
2615A,100.2171,25.5811,,
2616A,98.5842,24.428,,
2617A,98.578,24.441,,
2618A,98.8601,25.8567,,
2619A,98.8546,25.8417,,
2620A,99.7064,27.8136,,
2621A,99.7056,27.8317,,
2622A,97.1804,31.1278,,
2623A,97.1809,31.1254,,
2624A,91.7608,29.2313,,
2625A,91.7706,29.261,,
2626A,88.8876,29.2718,,
2627A,88.8931,29.2365,,
2628A,92.0657,31.4846,,
2629A,92.0505,31.4733,,
2630A,80.1161,32.5,,
2631A,80.0895,32.5039,,
2632A,94.3681,29.6376,,
2633A,94.3616,29.6632,,
2634A,106.9893,33.1842,,
2635A,107.0154,33.0706,,
2636A,107.0089,33.1138,,
2637A,107.007,33.0323,,
2638A,109.7414,38.3344,,
2639A,109.7456,38.2911,,
2640A,109.7289,38.2839,,
2641A,109.7336,38.2478,,
2642A,109.0311,32.6778,,
2643A,109.0281,32.6939,,
2644A,109.0072,32.6975,,
2645A,109.9154,33.8715,,
2646A,109.966,33.8509,,
2647A,104.1731,36.5458,,
2648A,104.1731,36.5481,,
2649A,106.005,34.3469,,
2650A,105.7281,34.5814,,
2651A,105.8614,34.5653,,
2652A,102.6219,37.9311,,
2653A,102.6469,37.9358,,
2654A,100.4686,38.9467,,
2655A,100.4497,38.9389,,
2656A,106.6692,35.5461,,
2657A,106.7039,35.5294,,
2658A,98.509,39.746,,
2659A,98.5023,39.7294,,
2660A,107.6831,35.7289,,
2661A,107.6406,35.5236,,
2662A,107.6364,35.7067,,
2663A,104.6228,35.5714,,
2664A,104.6169,35.5975,,
2665A,105.0822,33.3261,,
2666A,,,,
2667A,103.2139,35.6039,,
2668A,103.2064,35.5997,,
2669A,102.905,35.0003,,
2670A,102.1086,36.4997,,
2671A,100.9048,36.9639,,
2672A,102.0199,35.5102,,
2673A,100.6188,36.2866,,
2674A,100.2561,34.4714,,
2675A,97,33.0014,,
2676A,97.3731,37.3753,,
2677A,106.1532,37.9648,,
2678A,106.2025,37.9844,,
2679A,106.196,37.9723,,
2680A,105.0197,37.4514,,
2681A,105.18,37.0172,,
2682A,105.1971,37.5002,,
2683A,106.2319,36.1417,,
2684A,106.2792,36.0022,,
2685A,106.2375,36.0211,,
2686A,89.191,42.9409,,
2687A,89.1673,42.9559,,
2688A,93.5128,42.8172,,
2689A,93.4961,42.8328,,
2690A,87.9897,44.1564,,
2691A,87.2997,44.0114,,
2692A,87.2717,44.0297,,
2693A,82.0485,44.9079,,
2694A,82.0806,44.8969,,
2695A,80.2828,41.1636,,
2696A,80.2956,41.1933,,
2697A,76.1861,39.7153,,
2698A,75.9828,39.5371,,
2699A,75.9771,39.4699,,
2700A,75.9435,39.4365,,
2701A,79.9485,37.1152,,
2702A,79.9117,37.1013,,
2703A,81.2815,43.9404,,
2704A,81.2867,43.895,,
2705A,81.3364,43.941,,
2706A,82.9994,46.7432,,
2707A,88.1214,47.9047,,
2708A,88.1267,47.8515,,
2709A,86.0497,44.2967,,
2710A,86.0697,44.3075,,
2711A,87.5475,44.1756,,
2835A,101.7227,26.567,,
2842A,118.0936,24.5058,,
2845A,113.1569,36.1912,,
2846A,113.3208,23.1323,,